deadline,correct
0,0.050000000000000044
1,0.050000000000000044
2,0.050000000000000044
3,0.050000000000000044
4,0.050000000000000044
5,0.050000000000000044
6,0.050000000000000044
7,0.050000000000000044
8,0.050000000000000044
9,0.050000000000000044
10,0.050000000000000044
11,0.050000000000000044
12,0.050000000000000044
13,0.050000000000000044
14,0.050000000000000044
15,0.050000000000000044
16,0.050000000000000044
17,0.050000000000000044
18,0.050000000000000044
19,0.050000000000000044
20,0.050000000000000044
21,0.050000000000000044
22,0.050000000000000044
23,0.050000000000000044
24,0.050000000000000044
25,0.050000000000000044
26,0.050000000000000044
27,0.050000000000000044
28,0.050000000000000044
29,0.050000000000000044
30,0.050000000000000044
31,0.050000000000000044
32,0.050000000000000044
33,0.050000000000000044
34,0.050000000000000044
35,0.050000000000000044
36,0.050000000000000044
37,0.050000000000000044
38,0.050000000000000044
39,0.050000000000000044
40,0.050000000000000044
41,0.050000000000000044
42,0.050000000000000044
43,0.050000000000000044
44,0.050000000000000044
45,0.050000000000000044
46,0.050000000000000044
47,0.050000000000000044
48,0.050000000000000044
49,0.050000000000000044
50,0.050000000000000044
51,0.050000000000000044
52,0.050000000000000044
53,0.050000000000000044
54,0.050000000000000044
55,0.050000000000000044
56,0.050000000000000044
57,0.050000000000000044
58,0.050000000000000044
59,0.050000000000000044
60,0.050000000000000044
61,0.050000000000000044
62,0.050000000000000044
63,0.050000000000000044
64,0.050000000000000044
65,0.050000000000000044
66,0.050000000000000044
67,0.050000000000000044
68,0.050000000000000044
69,0.050000000000000044
70,0.050000000000000044
71,0.050000000000000044
72,0.050000000000000044
73,0.050000000000000044
74,0.050000000000000044
75,0.050000000000000044
76,0.050000000000000044
77,0.050000000000000044
78,0.050000000000000044
79,0.050000000000000044
80,0.050000000000000044
81,0.050000000000000044
82,0.050000000000000044
83,0.050000000000000044
84,0.050000000000000044
85,0.050000000000000044
86,0.050000000000000044
87,0.050000000000000044
88,0.050000000000000044
89,0.050000000000000044
90,0.050000000000000044
91,0.050000000000000044
92,0.050000000000000044
93,0.050000000000000044
94,0.050000000000000044
95,0.050000000000000044
96,0.050000000000000044
97,0.050000000000000044
98,0.050000000000000044
99,0.050000000000000044
100,0.050000000000000044
101,0.050000000000000044
102,0.050000000000000044
103,0.050000000000000044
104,0.050000000000000044
105,0.050000000000000044
106,0.050000000000000044
107,0.050000000000000044
108,0.050000000000000044
109,0.050000000000000044
110,0.050000000000000044
111,0.050000000000000044
112,0.050000000000000044
113,0.050000000000000044
114,0.050000000000000044
115,0.050000000000000044
116,0.050000000000000044
117,0.050000000000000044
118,0.050000000000000044
119,0.050000000000000044
120,0.050000000000000044
121,0.050000000000000044
122,0.050000000000000044
123,0.050000000000000044
124,0.050000000000000044
125,0.050000000000000044
126,0.050000000000000044
127,0.050000000000000044
128,0.050000000000000044
129,0.050000000000000044
130,0.050000000000000044
131,0.050000000000000044
132,0.050000000000000044
133,0.050000000000000044
134,0.050000000000000044
135,0.050000000000000044
136,0.050000000000000044
137,0.050000000000000044
138,0.050000000000000044
139,0.050000000000000044
140,0.050000000000000044
141,0.050000000000000044
142,0.050000000000000044
143,0.050000000000000044
144,0.050000000000000044
145,0.050000000000000044
146,0.050000000000000044
147,0.050000000000000044
148,0.050000000000000044
149,0.050000000000000044
150,0.050000000000000044
151,0.050000000000000044
152,0.050000000000000044
153,0.050000000000000044
154,0.050000000000000044
155,0.050000000000000044
156,0.050000000000000044
157,0.050000000000000044
158,0.050000000000000044
159,0.050000000000000044
160,0.050000000000000044
161,0.050000000000000044
162,0.050000000000000044
163,0.050000000000000044
164,0.050000000000000044
165,0.050000000000000044
166,0.050000000000000044
167,0.050000000000000044
168,0.050000000000000044
169,0.050000000000000044
170,0.050000000000000044
171,0.050000000000000044
172,0.050000000000000044
173,0.050000000000000044
174,0.050000000000000044
175,0.050000000000000044
176,0.050000000000000044
177,0.050000000000000044
178,0.050000000000000044
179,0.050000000000000044
180,0.050000000000000044
181,0.050000000000000044
182,0.050000000000000044
183,0.050000000000000044
184,0.050000000000000044
185,0.050000000000000044
186,0.050000000000000044
187,0.050000000000000044
188,0.050000000000000044
189,0.050000000000000044
190,0.050000000000000044
191,0.050000000000000044
192,0.050000000000000044
193,0.050000000000000044
194,0.050000000000000044
195,0.050000000000000044
196,0.050000000000000044
197,0.050000000000000044
198,0.050000000000000044
199,0.050000000000000044
200,0.050000000000000044
201,0.050000000000000044
202,0.050000000000000044
203,0.050000000000000044
204,0.050000000000000044
205,0.050000000000000044
206,0.050000000000000044
207,0.050000000000000044
208,0.050000000000000044
209,0.050000000000000044
210,0.050000000000000044
211,0.050000000000000044
212,0.050000000000000044
213,0.050000000000000044
214,0.050000000000000044
215,0.050000000000000044
216,0.050000000000000044
217,0.050000000000000044
218,0.050000000000000044
219,0.050000000000000044
220,0.050000000000000044
221,0.050000000000000044
222,0.050000000000000044
223,0.050000000000000044
224,0.050000000000000044
225,0.050000000000000044
226,0.050000000000000044
227,0.050000000000000044
228,0.050000000000000044
229,0.050000000000000044
230,0.050000000000000044
231,0.050000000000000044
232,0.050000000000000044
233,0.050000000000000044
234,0.050000000000000044
235,0.050000000000000044
236,0.050000000000000044
237,0.050000000000000044
238,0.050000000000000044
239,0.050000000000000044
240,0.050000000000000044
241,0.050000000000000044
242,0.050000000000000044
243,0.050000000000000044
244,0.050000000000000044
245,0.050000000000000044
246,0.050000000000000044
247,0.050000000000000044
248,0.050000000000000044
249,0.050000000000000044
250,0.050000000000000044
251,0.050000000000000044
252,0.050000000000000044
253,0.050000000000000044
254,0.050000000000000044
255,0.050000000000000044
256,0.050000000000000044
257,0.050000000000000044
258,0.050000000000000044
259,0.050000000000000044
260,0.050000000000000044
261,0.050000000000000044
262,0.050000000000000044
263,0.050000000000000044
264,0.050000000000000044
265,0.050000000000000044
266,0.050000000000000044
267,0.050000000000000044
268,0.050000000000000044
269,0.050000000000000044
270,0.050000000000000044
271,0.050000000000000044
272,0.050000000000000044
273,0.050000000000000044
274,0.050000000000000044
275,0.050000000000000044
276,0.050000000000000044
277,0.050000000000000044
278,0.050000000000000044
279,0.050000000000000044
280,0.050000000000000044
281,0.050000000000000044
282,0.050000000000000044
283,0.050000000000000044
284,0.050000000000000044
285,0.050000000000000044
286,0.050000000000000044
287,0.050000000000000044
288,0.050000000000000044
289,0.050000000000000044
290,0.050000000000000044
291,0.050000000000000044
292,0.050000000000000044
293,0.050000000000000044
294,0.050000000000000044
295,0.050000000000000044
296,0.050000000000000044
297,0.050000000000000044
298,0.050000000000000044
299,0.050000000000000044
300,0.050000000000000044
301,0.050000000000000044
302,0.050000000000000044
303,0.050000000000000044
304,0.050000000000000044
305,0.050000000000000044
306,0.050000000000000044
307,0.050000000000000044
308,0.050000000000000044
309,0.050000000000000044
310,0.050000000000000044
311,0.050000000000000044
312,0.050000000000000044
313,0.050000000000000044
314,0.050000000000000044
315,0.050000000000000044
316,0.050000000000000044
317,0.050000000000000044
318,0.050000000000000044
319,0.050000000000000044
320,0.050000000000000044
321,0.050000000000000044
322,0.050000000000000044
323,0.050000000000000044
324,0.050000000000000044
325,0.050000000000000044
326,0.050000000000000044
327,0.050000000000000044
328,0.050000000000000044
329,0.050000000000000044
330,0.050000000000000044
331,0.050000000000000044
332,0.050000000000000044
333,0.050000000000000044
334,0.050000000000000044
335,0.050000000000000044
336,0.050000000000000044
337,0.050000000000000044
338,0.050000000000000044
339,0.050000000000000044
340,0.050000000000000044
341,0.050000000000000044
342,0.050000000000000044
343,0.050000000000000044
344,0.050000000000000044
345,0.050000000000000044
346,0.050000000000000044
347,0.050000000000000044
348,0.050000000000000044
349,0.050000000000000044
350,0.050000000000000044
351,0.050000000000000044
352,0.050000000000000044
353,0.050000000000000044
354,0.050000000000000044
355,0.050000000000000044
356,0.050000000000000044
357,0.050000000000000044
358,0.050000000000000044
359,0.050000000000000044
360,0.050000000000000044
361,0.050000000000000044
362,0.050000000000000044
363,0.050000000000000044
364,0.050000000000000044
365,0.050000000000000044
366,0.050000000000000044
367,0.050000000000000044
368,0.050000000000000044
369,0.050000000000000044
370,0.050000000000000044
371,0.050000000000000044
372,0.050000000000000044
373,0.050000000000000044
374,0.050000000000000044
375,0.050000000000000044
376,0.050000000000000044
377,0.050000000000000044
378,0.050000000000000044
379,0.050000000000000044
380,0.050000000000000044
381,0.050000000000000044
382,0.050000000000000044
383,0.050000000000000044
384,0.050000000000000044
385,0.050000000000000044
386,0.050000000000000044
387,0.050000000000000044
388,0.050000000000000044
389,0.050000000000000044
390,0.050000000000000044
391,0.050000000000000044
392,0.050000000000000044
393,0.050000000000000044
394,0.050000000000000044
395,0.050000000000000044
396,0.050000000000000044
397,0.050000000000000044
398,0.050000000000000044
399,0.050000000000000044
400,0.050000000000000044
401,0.050000000000000044
402,0.050000000000000044
403,0.050000000000000044
404,0.050000000000000044
405,0.050000000000000044
406,0.050000000000000044
407,0.050000000000000044
408,0.050000000000000044
409,0.050000000000000044
410,0.050000000000000044
411,0.050000000000000044
412,0.050000000000000044
413,0.050000000000000044
414,0.050000000000000044
415,0.050000000000000044
416,0.050000000000000044
417,0.050000000000000044
418,0.050000000000000044
419,0.050000000000000044
420,0.050000000000000044
421,0.050000000000000044
422,0.050000000000000044
423,0.050000000000000044
424,0.050000000000000044
425,0.050000000000000044
426,0.050000000000000044
427,0.050000000000000044
428,0.050000000000000044
429,0.050000000000000044
430,0.050000000000000044
431,0.050000000000000044
432,0.050000000000000044
433,0.050000000000000044
434,0.050000000000000044
435,0.050000000000000044
436,0.050000000000000044
437,0.050000000000000044
438,0.050000000000000044
439,0.050000000000000044
440,0.050000000000000044
441,0.050000000000000044
442,0.050000000000000044
443,0.050000000000000044
444,0.050000000000000044
445,0.050000000000000044
446,0.050000000000000044
447,0.050000000000000044
448,0.050000000000000044
449,0.050000000000000044
450,0.050000000000000044
451,0.050000000000000044
452,0.050000000000000044
453,0.050000000000000044
454,0.050000000000000044
455,0.050000000000000044
456,0.050000000000000044
457,0.050000000000000044
458,0.050000000000000044
459,0.050000000000000044
460,0.050000000000000044
461,0.050000000000000044
462,0.050000000000000044
463,0.050000000000000044
464,0.050000000000000044
465,0.050000000000000044
466,0.050000000000000044
467,0.050000000000000044
468,0.050000000000000044
469,0.050000000000000044
470,0.050000000000000044
471,0.050000000000000044
472,0.050000000000000044
473,0.050000000000000044
474,0.050000000000000044
475,0.050000000000000044
476,0.050000000000000044
477,0.050000000000000044
478,0.050000000000000044
479,0.050000000000000044
480,0.050000000000000044
481,0.050000000000000044
482,0.050000000000000044
483,0.050000000000000044
484,0.050000000000000044
485,0.050000000000000044
486,0.050000000000000044
487,0.050000000000000044
488,0.050000000000000044
489,0.050000000000000044
490,0.050000000000000044
491,0.050000000000000044
492,0.050000000000000044
493,0.050000000000000044
494,0.050000000000000044
495,0.050000000000000044
496,0.050000000000000044
497,0.050000000000000044
498,0.050000000000000044
499,0.050000000000000044
500,0.050000000000000044
501,0.050000000000000044
502,0.050000000000000044
503,0.050000000000000044
504,0.050000000000000044
505,0.050000000000000044
506,0.050000000000000044
507,0.050000000000000044
508,0.050000000000000044
509,0.050000000000000044
510,0.050000000000000044
511,0.050000000000000044
512,0.050000000000000044
