actual,advertised,budget,case,seed
304.0,4306.0,5000,original_b0_d0,4700001
491.0,2426.0,5000,original_b0_d0,4700008
304.0,4653.0,5000,original_b0_d0,4700014
144.0,2079.0,5000,original_b0_d0,4700020
664.0,4826.0,5000,original_b0_d0,4700021
363.0,4653.0,5000,original_b0_d0,4700025
352.0,4306.0,5000,original_b0_d0,4700026
304.0,4306.0,5000,original_b0_d0,4700028
144.0,2079.0,5000,original_b0_d0,4700029
304.0,4306.0,5000,original_b0_d0,4700030
477.0,4826.0,5000,original_b0_d0.35,4701003
320.0,4306.0,5000,original_b0_d0.35,4701005
352.0,4306.0,5000,original_b0_d0.35,4701006
336.0,4306.0,5000,original_b0_d0.35,4701008
16.0,3613.0,5000,original_b0_d0.35,4701017
336.0,4306.0,5000,original_b0_d0.35,4701023
144.0,2079.0,5000,original_b0_d0.35,4701028
144.0,3613.0,5000,original_b0_d0.35,4701029
304.0,4306.0,5000,original_b0_d1,4702005
16.0,2079.0,5000,original_b0_d1,4702009
160.0,4306.0,5000,original_b0_d1,4702016
304.0,4306.0,5000,original_b0_d1,4702017
160.0,2079.0,5000,original_b0_d1,4702021
304.0,4306.0,5000,original_b0_d1,4702022
480.0,4306.0,5000,original_b0.15_d0,4703000
144.0,3613.0,5000,original_b0.15_d0,4703005
16.0,3613.0,5000,original_b0.15_d0,4703015
1517.0,4826.0,5000,original_b0.15_d0,4703021
176.0,3613.0,5000,original_b0.15_d0,4703024
144.0,3613.0,5000,original_b0.15_d0,4703031
144.0,3613.0,5000,original_b0.15_d0.35,4704002
144.0,3613.0,5000,original_b0.15_d0.35,4704006
480.0,4306.0,5000,original_b0.15_d0.35,4704010
160.0,3613.0,5000,original_b0.15_d0.35,4704011
304.0,4306.0,5000,original_b0.15_d0.35,4704012
304.0,4306.0,5000,original_b0.15_d0.35,4704019
144.0,3613.0,5000,original_b0.15_d0.35,4704026
144.0,4306.0,5000,original_b0.15_d0.35,4704028
480.0,4306.0,5000,original_b0.15_d1,4705004
304.0,4306.0,5000,original_b0.15_d1,4705008
144.0,3613.0,5000,original_b0.15_d1,4705013
144.0,3613.0,5000,original_b0.15_d1,4705019
160.0,3613.0,5000,original_b0.15_d1,4705022
144.0,2079.0,5000,feasible_exact,4709001
304.0,4653.0,5000,feasible_exact,4709004
144.0,4306.0,5000,feasible_exact,4709010
480.0,4306.0,5000,feasible_exact,4709013
160.0,3613.0,5000,feasible_exact,4709014
160.0,4306.0,5000,feasible_exact,4709016
16.0,3613.0,5000,feasible_exact,4709018
320.0,4306.0,5000,feasible_exact,4709030
46.0,4856.0,5000,aggregate_violation,4712000
46.0,2629.0,5000,aggregate_violation,4712001
30.0,1243.0,5000,aggregate_violation,4712002
30.0,1243.0,5000,aggregate_violation,4712003
16.0,1213.0,5000,aggregate_violation,4712004
30.0,1243.0,5000,aggregate_violation,4712006
30.0,4856.0,5000,aggregate_violation,4712007
45.0,2599.0,5000,aggregate_violation,4712008
30.0,4856.0,5000,aggregate_violation,4712010
30.0,550.0,5000,aggregate_violation,4712011
32.0,1213.0,5000,aggregate_violation,4712012
30.0,2629.0,5000,aggregate_violation,4712014
46.0,2629.0,5000,aggregate_violation,4712015
30.0,2629.0,5000,aggregate_violation,4712016
30.0,550.0,5000,aggregate_violation,4712019
30.0,4856.0,5000,aggregate_violation,4712020
30.0,4856.0,5000,aggregate_violation,4712021
16.0,520.0,5000,aggregate_violation,4712022
30.0,4856.0,5000,aggregate_violation,4712023
16.0,520.0,5000,aggregate_violation,4712026
16.0,1213.0,5000,aggregate_violation,4712027
16.0,520.0,5000,aggregate_violation,4712028
30.0,1243.0,5000,aggregate_violation,4712030
30.0,2629.0,5000,aggregate_violation,4712031
144.0,3613.0,5000,stage1_violation,4713001
160.0,4306.0,5000,stage1_violation,4713002
144.0,4306.0,5000,stage1_violation,4713003
480.0,4306.0,5000,stage1_violation,4713005
144.0,3613.0,5000,stage1_violation,4713007
304.0,4306.0,5000,stage1_violation,4713009
304.0,4306.0,5000,stage1_violation,4713012
320.0,4306.0,5000,stage1_violation,4713015
651.0,4653.0,5000,stage1_violation,4713016
16.0,3613.0,5000,stage1_violation,4713018
651.0,4653.0,5000,stage1_violation,4713020
336.0,2079.0,5000,stage1_violation,4713021
480.0,4306.0,5000,stage1_violation,4713022
16.0,2079.0,5000,stage1_violation,4713023
144.0,3613.0,5000,stage1_violation,4713024
352.0,4306.0,5000,stage1_violation,4713027
336.0,4306.0,5000,stage1_violation,4713031
32.0,3613.0,5000,aggregate_bottleneck,4714000
48.0,3613.0,5000,aggregate_bottleneck,4714001
16.0,3613.0,5000,aggregate_bottleneck,4714007
64.0,3613.0,5000,aggregate_bottleneck,4714011
475.0,4653.0,5000,aggregate_bottleneck,4714013
160.0,4306.0,5000,aggregate_bottleneck,4714015
443.0,4653.0,5000,aggregate_bottleneck,4714016
48.0,3613.0,5000,aggregate_bottleneck,4714020
16.0,3613.0,5000,aggregate_bottleneck,4714022
96.0,4306.0,5000,aggregate_bottleneck,4714024
16.0,3613.0,5000,aggregate_bottleneck,4714026
16.0,3613.0,5000,aggregate_bottleneck,4714029
16.0,3613.0,5000,aggregate_bottleneck,4714031
189.0,2599.0,5000,aggregate_violation_drift,4719000
80.0,4653.0,5000,aggregate_violation_drift,4719001
205.0,4826.0,5000,aggregate_violation_drift,4719003
205.0,2599.0,5000,aggregate_violation_drift,4719004
189.0,4826.0,5000,aggregate_violation_drift,4719005
48.0,4653.0,5000,aggregate_violation_drift,4719006
48.0,4653.0,5000,aggregate_violation_drift,4719007
16.0,1040.0,5000,aggregate_violation_drift,4719008
32.0,2599.0,5000,aggregate_violation_drift,4719010
16.0,2426.0,5000,aggregate_violation_drift,4719011
46.0,4856.0,5000,aggregate_violation_drift,4719012
237.0,4826.0,5000,aggregate_violation_drift,4719013
32.0,2426.0,5000,aggregate_violation_drift,4719014
32.0,1040.0,5000,aggregate_violation_drift,4719015
48.0,4653.0,5000,aggregate_violation_drift,4719016
16.0,2426.0,5000,aggregate_violation_drift,4719017
32.0,2426.0,5000,aggregate_violation_drift,4719018
45.0,1213.0,5000,aggregate_violation_drift,4719019
32.0,2426.0,5000,aggregate_violation_drift,4719022
205.0,2599.0,5000,aggregate_violation_drift,4719023
189.0,4826.0,5000,aggregate_violation_drift,4719024
80.0,4653.0,5000,aggregate_violation_drift,4719025
45.0,2599.0,5000,aggregate_violation_drift,4719029
16.0,2426.0,5000,aggregate_violation_drift,4719030
144.0,3613.0,5000,stage1_violation_drift,4720003
352.0,4306.0,5000,stage1_violation_drift,4720006
16.0,2079.0,5000,stage1_violation_drift,4720025
16.0,3613.0,5000,stage1_violation_drift,4720029
16.0,3613.0,5000,stage1_violation_drift,4720031
